Well	Field	Cell Number	Top	Left	CircAvgIntenCh2	CircRingAvgIntenRatioCh2
C3	1	1	22	214	0	1.573598278
C3	1	2	22	248	0	0
C3	1	3	33	264	0	1.186251648
C3	1	4	56	271	0	0.367489357
C3	1	5	59	348	0	1.040005011
C3	1	6	59	385	0	1.064967244
C3	1	7	59	423	0	0
C3	1	8	67	124	0	0.267554845
C3	1	9	100	299	0	0.974765078
C3	1	10	112	303	0	0.842488024
C3	1	11	124	41	0	1.115935056
C3	1	12	155	416	0	1.606120372
C3	1	13	176	234	0	3.477625878
C3	1	14	198	103	0	1.333299152
C3	1	15	207	176	0	0
C3	1	16	213	89	0	1.103168787
C3	1	17	216	69	0	1.199839026
C3	1	18	218	354	0	1.63E-02
C3	1	19	227	325	0	2.12E-02
C3	1	20	329	272	0	1.02806039
C3	1	21	340	311	0	1.054556476
C3	1	22	352	105	0	6.90E-02
C3	1	23	419	60	0	0
C3	1	24	460	61	0	2.53E-03
C3	1	25	502	265	0	0
C3	2	1	27	234	0	0.245579536
C3	2	2	35	459	0	1.470849309
C3	2	3	56	460	0	0.106882734
C3	2	4	65	412	0	1.431922577
C3	2	5	87	409	0	1.18786915
C3	2	6	122	164	0	1.359529732
C3	2	7	130	141	0	1.424782958
C3	2	8	130	285	0	0.259566919
C3	2	9	131	226	0	1.385315762
C3	2	10	145	296	0	1.296558376
C3	2	11	182	341	0	2.164903079
C3	2	12	286	136	0	1.410790114
C3	2	13	325	34	0	1.401660681
C3	2	14	330	293	0	1.223391455
C3	2	15	339	276	0	1.283005168
C3	2	16	370	139	0	0
C3	2	17	371	146	0	8.85E-02
C3	2	18	371	415	0	1.254689581
C3	2	19	371	426	0	1.440555704
C3	2	20	372	406	0	0
C3	2	21	373	125	0	2.153583729
C3	2	22	373	362	0	1.292929293
C3	2	23	375	385	0	1.31124831
C3	2	24	387	83	0	0.170798817
C3	2	25	388	435	0	0.687117638
C3	3	1	16	164	0	2.088705993
C3	3	2	20	115	0	0.720226394
C3	3	3	22	358	0	0
C3	3	4	27	238	0	1.251794241
C3	3	5	41	75	0	2.360157582
C3	3	6	44	283	0	0.777014294
C3	3	7	47	273	0	0.762418175
C3	3	8	49	256	0	0.826595497
C3	3	9	65	335	0	1.887182387
C3	3	10	114	296	0	0.370475497
C3	3	11	127	51	0	1.390920244
C3	3	12	130	25	0	1.791959839
C3	3	13	150	29	0	1.26E-02
C3	3	14	166	206	0	0.41027252
C3	3	15	166	313	0	2.073994133
C3	3	16	168	251	0	0.33957676
C3	3	17	172	264	0	1.89723686
C3	3	18	176	134	0	1.264600672
C3	3	19	179	163	0	1.144139922
C3	3	20	179	441	0	1.297347771
C3	3	21	180	153	0	1.067664306
C3	3	22	180	463	0	1.154338194
C3	3	23	183	25	0	1.344387755
C3	3	24	185	286	0	0
C3	3	25	194	21	0	0
C3	3	26	194	127	0	0.484608199
C3	3	27	194	375	0	2.853736767
C3	3	28	197	108	0	2.339535986
C3	3	29	200	2	0	1.062643413
C3	3	30	207	198	0	1.751458902
C3	3	31	303	356	0	1.351544195
C3	3	32	329	479	0	0
C3	3	33	341	210	0	1.376506508
C3	3	34	341	403	0	1.216115977
C3	3	35	342	424	0	1.237554334
C3	3	36	346	239	0	1.072659411
C3	3	37	436	411	0	2.562466047
C3	3	38	450	214	0	2.48860773
C3	3	39	457	29	0	1.58111025
C3	3	40	472	355	0	2.770441116
C3	3	41	483	234	0	2.14859521
C3	4	1	13	27	0	0.345877628
C3	4	2	63	79	0	2.131304828
C3	4	3	84	409	0	2.052869099
C3	4	4	99	281	0	3.837816617
C3	4	5	131	98	0	0.972255908
C3	4	6	163	396	0	0.581027227
C3	4	7	197	399	0	0.262724355
C3	4	8	203	440	0	3.160602722
C3	4	9	208	197	0	2.350851933
C3	4	10	218	95	0	1.721540069
C3	4	11	294	378	0	1.155911789
C3	4	12	335	472	0	1.588079004
C3	4	13	346	243	0	1.185645983
C3	4	14	348	236	0	0
C3	4	15	350	213	0	0.983298282
C3	4	16	370	203	0	0.874605353
C3	4	17	408	129	0	2.048114099
C3	4	18	409	168	0	1.238764045
C3	4	19	422	158	0	1.167255516
C3	4	20	426	123	0	1.542189816
C3	4	21	449	374	0	1.139282241
C3	4	22	466	34	0	2.036105994
C3	4	23	481	78	0	3.120589083
C3	5	1	23	304	0	1.305692601
C3	5	2	47	311	0	0.852464433
C3	5	3	73	399	0	2.989615997
C3	5	4	81	103	0	1.542236192
C3	5	5	94	212	0	1.507640906
C3	5	6	107	471	0	1.4999095
C3	5	7	109	490	0.188328912	1.790736306
C3	5	8	154	142	2.042424242	1.405493069
C3	5	9	162	210	2.130434783	2.497641276
C3	5	10	180	75	3.083333333	2.104534388
C3	5	11	206	395	3.5	2.231644109
C3	5	12	228	209	4.126520681	1.222500927
C3	5	13	244	157	4.182170543	2.16861508
C3	5	14	252	190	4.182524272	1.716836514
C3	5	15	255	177	4.347826087	1.676297228
C3	5	16	276	331	4.869918699	2.86168172
C3	5	17	279	236	7.127853881	0.937225793
C3	5	18	315	182	7.2	6.78E-02
C3	5	19	316	224	7.373873874	0
C3	5	20	321	231	8.53220339	1.334703388
C3	5	21	380	171	8.591549296	0
C3	5	22	386	426	9.381818182	1.386953726
C3	5	23	393	168	9.482758621	0
C3	5	24	401	415	9.916167665	0.124141103
C3	5	25	414	26	10.1038961	0
C3	5	26	418	20	11.39473684	0
C3	5	27	426	11	12.05555556	0
C3	5	28	444	369	12.20652174	1.527386769
C3	5	29	446	119	13.10810811	1.468639938
C3	5	30	456	205	14.16	2.979692757
C3	5	31	469	85	14.59533074	1.396688336
C3	5	32	472	249	15.39344262	3.82E-02
C3	5	33	476	268	15.56179775	1.778452431
C3	6	1	9	175	18.71428571	1.759367108
C3	6	2	43	271	19.47217538	0.80887611
C3	6	3	84	301	19.99615385	1.580820034
C3	6	4	86	52	20.01162791	1.740513696
C3	6	5	86	241	20.1984127	2.780089811
C3	6	6	104	425	20.53369272	1.416115304
C3	6	7	114	244	20.53784861	2.054473458
C3	6	8	126	361	20.57725948	1.400179856
C3	6	9	150	271	21.30327869	2.28673581
C3	6	10	151	171	21.53785901	1.802344539
C3	6	11	202	302	21.76548673	1.327452361
C3	6	12	213	244	21.7680798	1.489648113
C3	6	13	241	415	22.0866426	1.478206493
C3	6	14	243	274	22.37946429	1.159846593
C3	6	15	254	97	22.75172414	1.318880288
C3	6	16	258	412	22.87623762	1.28432592
C3	6	17	263	270	24.06707317	0.537815478
C3	6	18	288	222	24.30136986	0.032783177
C3	6	19	313	184	24.42857143	0.664029325
C3	6	20	343	269	24.4375	0.522181475
C3	6	21	362	39	24.58311346	1.345856025
C3	6	22	382	386	24.63636364	1.542427988
C3	6	23	404	389	24.70697674	1.385138968
C3	6	24	419	210	25.1	0
C3	6	25	420	209	25.10194903	2.15915384
C3	6	26	431	231	25.15189873	1.010041795
C3	6	27	446	366	25.16071429	2.128846124
C3	6	28	447	47	25.20361991	6.20E-02
C3	6	29	480	22	25.30434783	1.002190221
C3	6	30	488	475	25.3256705	0
C3	6	31	504	483	25.36363636	0
C3	7	1	12	262	25.53623188	1.851289306
C3	7	2	31	225	25.5962963	1.158735071
C3	7	3	67	302	25.83663366	1.433345622
C3	7	4	72	236	25.95669291	1.450050955
C3	7	5	121	288	26.03558052	2.153869997
C3	7	6	126	420	26.17582418	1.903838877
C3	7	7	183	462	26.25423729	1.783333286
C3	7	8	197	3	26.32653061	1.787896553
C3	7	9	214	126	26.3963964	1.148119339
C3	7	10	238	346	26.44594595	2.131725122
C3	7	11	242	404	26.53846154	1.301185829
C3	7	12	252	338	26.54248366	1.398825775
C3	7	13	264	339	26.56818182	0.174254873
C3	7	14	283	416	26.69469027	1.803990663
C3	7	15	299	340	26.70403587	0.715501239
C3	7	16	300	210	26.7625	0.416364739
C3	7	17	307	195	26.78571429	0
C3	7	18	328	54	26.78984238	1.117249555
C3	7	19	344	211	26.80740741	1.302225738
C3	7	20	351	231	26.95930233	4.17E-02
C3	7	21	378	148	26.96039604	2.471067836
C3	7	22	461	60	26.975	1.103803895
C3	7	23	467	470	26.9787234	1.387974394
C3	7	24	468	445	27.06737589	1.077525714
C3	7	25	470	95	27.07782101	0
C3	7	26	474	413	27.09424084	0
C3	7	27	477	408	27.15730337	0.772021375
C3	8	1	2	148	27.28323699	0.011079697
C3	8	2	18	390	27.34138973	2.638706392
C3	8	3	19	411	27.39637306	1.572372352
C3	8	4	21	229	27.52808989	2.774738204
C3	8	5	58	37	27.55555556	1.450582472
C3	8	6	60	479	27.61783439	1.654266958
C3	8	7	96	472	27.62534435	1.435265672
C3	8	8	146	236	27.71982759	2.10358309
C3	8	9	147	221	27.90909091	0.140768046
C3	8	10	155	144	27.92222222	1.467641844
C3	8	11	161	161	27.95791583	1.380866744
C3	8	12	190	152	28.005	5.67E-02
C3	8	13	209	89	28.15526316	1.619134863
C3	8	14	213	117	28.19368421	1.741387515
C3	8	15	215	353	28.43478261	4.45E-02
C3	8	16	232	397	28.5037594	1.814075392
C3	8	17	238	499	28.65435356	0
C3	8	18	241	59	28.67674419	0
C3	8	19	244	129	28.70125786	0
C3	8	20	247	33	28.71626298	1.444873084
C3	8	21	249	53	28.75889328	0
C3	8	22	254	172	28.80365297	0.692259112
C3	8	23	266	222	28.81492537	1.212661808
C3	8	24	269	207	28.85561497	2.012077338
C3	8	25	273	420	28.91891892	1.237641722
C3	8	26	285	233	28.93359375	0.845234428
C3	8	27	312	265	28.96141479	2.867215947
C3	8	28	365	182	29.07958478	2.300755507
C3	8	29	381	391	29.09375	0.215976753
C3	8	30	398	389	29.17427386	1.717615213
C3	8	31	449	40	29.19031142	2.896903666
C3	8	32	485	341	29.228471	1.205889687
C3	8	33	500	161	29.23706897	0
C3	9	1	38	65	29.24102564	2.599085914
C3	9	2	110	128	29.25	1.15117561
C3	9	3	119	428	29.31395349	1.722420406
C3	9	4	129	302	29.37910448	1.424489072
C3	9	5	161	4	29.41666667	1.560974595
C3	9	6	177	3	29.48	0.909556314
C3	9	7	186	381	29.49802372	1.39617402
C3	9	8	188	5	29.5370844	1.547220723
C3	9	9	196	367	29.54291845	1.327141272
C3	9	10	211	98	29.58558559	2.152762026
C3	9	11	234	168	29.63752277	0
C3	9	12	235	146	29.66896552	1.652613386
C3	9	13	237	142	29.67541766	0
C3	9	14	249	442	29.71428571	1.175251283
C3	9	15	265	328	29.8	2.514674961
C3	9	16	267	58	29.855	1.510103988
C3	9	17	270	484	29.92368421	1.986297945
C3	9	18	293	201	29.92424242	2.646443449
C3	9	19	338	487	30.0477707	0
C3	9	20	341	325	30.05396825	3.438399392
C3	9	21	389	421	30.11363636	1.127065806
C3	9	22	400	432	30.23480084	1.473121172
C3	9	23	421	421	30.35204082	3.186404744
C3	9	24	463	141	30.45736434	2.675144388
C3	10	1	3	254	30.52430556	1.458038609
C3	10	2	5	351	30.86538462	1.426789986
C3	10	3	10	127	30.92592593	1.056427394
C3	10	4	12	333	30.99561404	0.844407433
C3	10	5	19	199	31.00813008	1.409506559
C3	10	6	24	422	31.02564103	1.25993615
C3	10	7	30	334	31.03611111	0.787547922
C3	10	8	56	324	31.04460967	0
C3	10	9	59	133	31.05863192	2.621755839
C3	10	10	68	266	31.07961783	0.89665655
C3	10	11	71	251	31.09411765	1.301708305
C3	10	12	85	410	31.10175439	0.413712514
C3	10	13	95	13	31.26641651	1.498089218
C3	10	14	99	317	31.26923077	1.407510252
C3	10	15	102	422	31.36713287	1.252116507
C3	10	16	115	416	31.39344262	1.619219684
C3	10	17	124	428	31.41860465	1.344698551
C3	10	18	135	428	31.5	1.476150851
C3	10	19	148	291	31.74879227	2.051546206
C3	10	20	156	180	31.75739645	2.73079186
C3	10	21	194	93	31.76346604	3.09453698
C3	10	22	195	93	31.98830409	0
C3	10	23	203	211	32.08762887	1.344245818
C3	10	24	205	200	32.10080645	0.539515412
C3	10	25	209	377	32.20300752	2.220467255
C3	10	26	211	214	32.21590909	8.47E-02
C3	10	27	214	372	32.29360465	0
C3	10	28	215	351	32.31279621	2.71E-02
C3	10	29	277	242	32.35714286	2.105457149
C3	10	30	284	455	32.40993789	1.08527018
C3	10	31	320	84	32.5	3.4819248
C3	10	32	323	420	32.62352941	0
C3	10	33	326	391	32.69565217	1.032685452
C3	10	34	338	415	32.77857143	1.721634446
C3	10	35	344	147	32.7921147	1.331518591
C3	10	36	362	384	32.80286738	3.33137956
C3	10	37	421	280	32.92307692	1.626862792
C3	10	38	437	163	32.94845361	1.647837578
C3	10	39	437	310	33	0
C3	10	40	450	292	33.07366071	0
C3	11	1	3	338	33.17741935	2.122504472
C3	11	2	53	417	33.19047619	3.61780249
C3	11	3	116	316	33.25	2.431558535
C3	11	4	119	431	33.25388601	3.323379971
C3	11	5	154	187	33.3697479	1.524877891
C3	11	6	164	483	33.38626609	2.843079545
C3	11	7	171	146	33.43278689	0.564000771
C3	11	8	184	23	33.44748858	1.25945674
C3	11	9	188	121	33.59821429	2.68E-03
C3	11	10	192	176	33.62403101	2.061181142
C3	11	11	206	266	33.66798419	2.79332216
C3	11	12	209	9	33.74303406	3.072294924
C3	11	13	217	27	33.77948718	0.094497175
C3	11	14	235	54	33.825	1.816429013
C3	11	15	247	26	33.83333333	0.248424727
C3	11	16	266	433	34.06486486	0.444840589
C3	11	17	280	403	34.0819209	0.762481175
C3	11	18	342	130	34.14925373	1.111791099
C3	11	19	353	115	34.15350877	0.855719905
C3	11	20	356	323	34.39912281	1.276912574
C3	11	21	356	394	34.51898734	1.908659924
C3	11	22	359	382	34.54205607	2.302893863
C3	11	23	397	345	34.59797297	0
C3	11	24	398	350	34.63157895	0.747844646
C3	11	25	401	290	34.66666667	4.46E-03
C3	11	26	401	327	34.7	0.721623447
C3	11	27	401	337	34.78316327	0
C3	11	28	416	47	34.83532934	0
C3	11	29	416	367	34.85822785	0.198833001
C3	11	30	425	46	34.96710526	2.05450499
C3	11	31	435	463	34.97160883	1.78076488
C3	11	32	441	75	35	0
C3	11	33	479	418	35.04878049	0.220859152
C3	12	1	29	100	35.08530806	0.61400161
C3	12	2	45	229	35.10810811	1.37015783
C3	12	3	49	472	35.14285714	1.465530189
C3	12	4	59	453	35.14716981	1.308125665
C3	12	5	61	433	35.23015873	1.69E-02
C3	12	6	125	355	35.33333333	1.668100448
C3	12	7	126	338	35.41776316	1.075580901
C3	12	8	171	263	35.44176707	1.479587464
C3	12	9	173	87	35.5625	2.78378307
C3	12	10	200	50	35.61180124	0.791576153
C3	12	11	205	14	35.62382445	1.287643277
C3	12	12	208	37	35.7038835	1.509217876
C3	12	13	234	458	35.73469388	2.65E-02
C3	12	14	240	200	36	2.653186708
C3	12	15	268	400	36.09448819	0.471660349
C3	12	16	279	424	36.1953125	0.887512017
C3	12	17	309	103	36.2	1.431067571
C3	12	18	313	243	36.26551724	3.116658125
C3	12	19	322	212	36.30258303	2.07457507
C3	12	20	324	192	36.34761905	2.306887004
C3	12	21	329	241	36.56338028	0
C3	12	22	330	372	36.60098522	1.330508023
C3	12	23	331	347	36.76470588	0.260830332
C3	12	24	341	393	36.86666667	0
C3	12	25	353	331	36.87368421	0
C3	12	26	364	232	36.95673077	1.884553186
C3	12	27	367	332	37.19869707	0.828555358
C3	12	28	369	439	37.2606383	0
C3	12	29	376	115	37.47584187	2.265416814
C3	12	30	402	428	37.55378486	0.258763762
C3	12	31	418	437	37.58744395	1.303409825
C3	12	32	431	48	37.63803681	0.69308719
C3	12	33	431	60	37.68333333	0.489881303
C3	12	34	436	35	37.97137405	1.524396661
C3	12	35	446	17	38.18110236	4.74E-02
C3	12	36	457	182	38.184	2.657872236
C3	12	37	461	466	38.38559322	2.182402462
C3	12	38	485	476	38.5	1.375615108
C3	13	1	4	165	38.69565217	1.773548986
C3	13	2	5	145	38.776	1.673741803
C3	13	3	57	292	38.86956522	1.360332935
C3	13	4	58	311	38.87888199	1.521684403
C3	13	5	63	101	38.91692308	2.303503234
C3	13	6	68	87	39.00993377	1.397778929
C3	13	7	84	123	39.05442177	3.29E-03
C3	13	8	87	143	39.10810811	2.56282979
C3	13	9	97	162	39.183391	0.163618422
C3	13	10	103	42	39.44736842	1.14339488
C3	13	11	107	477	39.50439883	1.451272321
C3	13	12	122	281	39.54362416	1.345510137
C3	13	13	124	194	39.55194805	0.407197107
C3	13	14	160	46	39.67733333	1.082095001
C3	13	15	162	23	39.80582524	0.913176021
C3	13	16	175	58	40.04545455	1.121754821
C3	13	17	190	222	40.19512195	1.13096487
C3	13	18	198	108	40.22522523	2.11429545
C3	13	19	276	399	40.26122449	2.443946925
C3	13	20	285	26	40.29716981	1.517601347
C3	13	21	296	392	40.77887789	2.875338105
C3	13	22	349	60	40.85714286	1.542215504
C3	13	23	367	154	40.91176471	3.21149172
C3	13	24	376	475	41.16666667	1.350506455
C3	13	25	399	427	41.63190184	0.972767965
C3	13	26	406	223	41.95172414	2.84999545
C3	13	27	427	295	41.97222222	1.491254811
C3	13	28	454	158	41.98969072	2.80560971
C3	13	29	459	169	42.35166994	0
C3	13	30	463	394	42.35714286	1.295981155
C3	13	31	485	396	42.39929329	1.033804538
C3	14	1	20	120	42.62222222	0.1622351
C3	14	2	28	80	42.69927536	1.547945867
C3	14	3	29	211	43.17333333	1.353591839
C3	14	4	46	92	43.24576271	0
C3	14	5	70	374	43.35897436	0.918634866
C3	14	6	76	369	43.36051502	0
C3	14	7	77	65	43.44067797	2.196867165
C3	14	8	91	281	43.4408284	1.199139516
C3	14	9	94	374	43.61666667	1.263068751
C3	14	10	108	187	43.75280899	2.846072875
C3	14	11	195	270	44.03010033	1.117193245
C3	14	12	196	191	44.26344086	0.807731336
C3	14	13	209	388	44.37135279	0.209477398
C3	14	14	235	24	44.41455696	1.32E-02
C3	14	15	255	57	44.48198198	1.006035157
C3	14	16	258	234	44.60299625	1.472426963
C3	14	17	260	118	45.2345679	1.587400797
C3	14	18	268	110	45.51481481	1.334773885
C3	14	19	286	196	45.61538462	1.357086509
C3	14	20	305	299	45.7755102	0.239694663
C3	14	21	306	104	45.84615385	1.464443195
C3	14	22	313	274	45.96411483	1.145422429
C3	14	23	319	330	46.04651163	1.072275118
C3	14	24	340	375	46.06741573	9.88E-02
C3	14	25	340	476	46.0877193	0
C3	14	26	352	477	46.375	1.732142857
C3	14	27	360	208	46.39444444	1.60786576
C3	14	28	366	226	46.42533937	1.672418214
C3	14	29	389	132	46.67763158	4.73E-02
C3	14	30	391	304	47	0.426442065
C3	14	31	393	65	47.02719033	0.578016326
C3	14	32	400	15	47.18281938	0.722882238
C3	14	33	469	192	47.42857143	1.805423099
C3	14	34	495	40	47.78823529	1.235137533
C3	15	1	4	383	47.88484848	2.890733749
C3	15	2	39	15	48.34920635	8.55E-02
C3	15	3	99	40	48.51428571	0.24435786
C3	15	4	117	309	48.74401914	0.784896142
C3	15	5	147	140	48.89224138	1.442243096
C3	15	6	166	25	48.90909091	2.253955323
C3	15	7	204	460	49.04444444	1.488235555
C3	15	8	205	77	49.16761364	0
C3	15	9	212	74	49.27835052	0
C3	15	10	222	419	49.50378788	0.164293043
C3	15	11	224	394	49.5483871	0.348483492
C3	15	12	228	419	50.01149425	0.881564408
C3	15	13	252	220	50.05194805	0.843699997
C3	15	14	261	309	50.05714286	1.251007556
C3	15	15	265	204	50.47540984	1.623288526
C3	15	16	269	322	50.54805195	1.34312342
C3	15	17	269	339	50.76836158	0.421349034
C3	15	18	289	159	50.80099502	1.49723828
C3	15	19	299	266	51.06041667	0.922525962
C3	15	20	301	282	51.33333333	0.243633677
C3	15	21	304	247	51.61706349	1.153673785
C3	15	22	365	227	52.48357664	2.200083742
C3	15	23	376	477	52.54347826	0
C3	15	24	391	469	52.60824742	0.710599212
C3	15	25	393	479	52.79777778	0
C3	15	26	394	451	52.88297872	0.834483319
C3	15	27	400	432	53.29207921	1.33E-02
C3	15	28	402	177	53.47912088	1.403528384
C3	15	29	460	413	53.58736842	1.28082709
C3	15	30	462	431	53.5942029	1.27112326
C3	16	1	45	194	53.76571429	2.710236654
C3	16	2	46	176	54.34736842	1.025593009
C3	16	3	49	140	54.51373626	1.532573134
C3	16	4	59	13	54.93640351	1.616456655
C3	16	5	72	230	55.05555556	1.253898385
C3	16	6	73	412	55.1870229	1.52521263
C3	16	7	75	210	55.45	0.824626979
C3	16	8	80	372	55.70967742	0.687690758
C3	16	9	82	402	56.00714286	1.406114418
C3	16	10	98	96	56.0952381	0.276014186
C3	16	11	99	65	56.59471366	2.071385795
C3	16	12	109	278	56.6	1.45711724
C3	16	13	144	359	56.79954442	1.703906987
C3	16	14	147	68	57.0625	1.159106205
C3	16	15	181	54	57.144	1.860631921
C3	16	16	206	275	57.24444444	1.556589851
C3	16	17	214	143	57.37362637	1.441917579
C3	16	18	232	462	57.55428571	1.546476686
C3	16	19	236	30	57.87475149	7.25E-02
C3	16	20	250	273	58.00307692	0
C3	16	21	295	236	58.39328537	2.049812867
C3	16	22	298	435	59.21283784	1.24006864
C3	16	23	314	287	59.32673267	0
C3	16	24	345	223	59.69411765	5.46E-03
C3	16	25	351	167	59.73666667	0.911361091
C3	16	26	359	269	59.77666667	0
C3	16	27	365	280	59.87113402	1.559757609
C3	16	28	376	334	59.88668555	1.853215702
C3	16	29	378	308	60.07731959	0
C3	16	30	382	303	60.08173077	1.214731973
C3	16	31	395	355	60.17241379	4.57E-02
C3	16	32	405	325	60.32360743	2.99E-02
C3	16	33	437	12	60.53333333	1.720405193
C3	17	1	18	267	60.82673267	1.389177698
C3	17	2	72	482	60.88990826	1.418042991
C3	17	3	82	137	61.36708861	1.401980805
C3	17	4	84	129	61.42105263	0
C3	17	5	86	88	61.51498638	0.227476729
C3	17	6	89	77	61.67788462	0.676683707
C3	17	7	89	123	62.23809524	0
C3	17	8	90	105	62.66507177	1.89915644
C3	17	9	91	351	63.09187279	2.603317891
C3	17	10	93	168	63.15972222	0
C3	17	11	99	342	63.3877551	1.777522074
C3	17	12	102	165	63.70212766	0
C3	17	13	107	100	63.88953488	0
C3	17	14	125	254	64.01639344	2.495294332
C3	17	15	129	39	64.32771084	0
C3	17	16	139	62	64.47058824	0
C3	17	17	141	71	64.73643411	0.284590455
C3	17	18	143	31	64.80246914	1.60930068
C3	17	19	144	394	64.91176471	1.836982227
C3	17	20	158	438	65	1.143482183
C3	17	21	170	205	65.02816901	2.308482053
C3	17	22	175	331	65.91176471	0
C3	17	23	188	327	66.06521739	1.49040419
C3	17	24	190	198	66.32142857	6.65E-02
C3	17	25	211	269	66.50930626	2.070784236
C3	17	26	212	134	66.58152174	1.200235833
C3	17	27	236	398	67.43014706	1.510316561
C3	17	28	248	44	67.5	0.95754295
C3	17	29	263	35	67.77777778	0
C3	17	30	263	109	68.09227468	0.776522161
C3	17	31	266	82	68.26595745	1.04977418
C3	17	32	272	125	68.28378378	1.034231505
C3	17	33	283	481	68.34	3.82E-02
C3	17	34	286	430	68.44094488	1.099324704
C3	17	35	289	474	68.49097473	0
C3	17	36	290	221	69.34057971	0.556714746
C3	17	37	294	80	69.73668639	0
C3	17	38	296	189	70.54480287	1.149759668
C3	17	39	305	229	70.96054889	1.109853925
C3	17	40	307	242	71.58888889	1.243594342
C3	17	41	320	220	71.77777778	0
C3	17	42	326	170	71.83636364	7.70E-02
C3	17	43	346	50	71.91176471	0.679875781
C3	17	44	391	442	71.95918367	1.053439287
C3	17	45	399	167	72.01764706	1.527891765
C3	17	46	400	112	73.08928571	2.411884026
C3	17	47	401	428	73.5	1.384650732
C3	17	48	402	95	73.89861751	2.198134824
C3	17	49	420	427	74.17312661	5.36E-02
C3	17	50	428	36	74.30952381	8.89E-02
C3	17	51	435	325	74.4127907	0.779831885
C3	17	52	442	265	74.52173913	1.574334964
C3	17	53	444	40	75.17475728	0.184478471
C3	17	54	445	451	75.63636364	0
C3	17	55	453	406	76.14369501	1.857367049
C3	17	56	457	168	76.18965517	8.77E-03
C3	18	1	46	195	76.525	2.539095916
C3	18	2	46	453	76.77289377	1.933879977
C3	18	3	63	126	76.78888889	1.774926558
C3	18	4	64	103	76.8125	1.940863291
C3	18	5	76	282	76.90938511	1.561507748
C3	18	6	99	387	77.06498195	2.872887599
C3	18	7	107	307	77.5	0
C3	18	8	112	442	77.61290323	2.882318956
C3	18	9	138	440	77.85	0
C3	18	10	145	176	78	9.68E-02
C3	18	11	145	438	78.3605948	2.359625042
C3	18	12	158	429	79.06751055	1.127217059
C3	18	13	168	175	79.39325843	0.159332282
C3	18	14	182	332	79.84	1.997495414
C3	18	15	249	107	80.45708955	1.539218655
C3	18	16	268	271	80.63793103	2.340892466
C3	18	17	278	382	81.1038961	2.556433407
C3	18	18	298	452	81.32919255	2.935456127
C3	18	19	344	305	81.52747253	1.395578877
C3	18	20	358	107	81.58947368	1.343857404
C3	18	21	362	44	81.9739777	2.628753808
C3	18	22	400	145	82.05882353	1.404804229
C3	18	23	405	368	82.09859155	1.696983489
C3	18	24	407	171	82.12149533	0.556503655
C3	18	25	448	234	82.52983294	1.000971559
C3	18	26	449	256	83.53448276	1.386859183
C3	18	27	459	382	83.66037736	2.301570372
C3	18	28	480	394	84.01861702	0.663300387
C3	19	1	33	387	84.625	0.799189372
C3	19	2	58	439	84.64285714	1.84021731
C3	19	3	62	350	85.24193548	3.041252911
C3	19	4	76	295	85.44131455	0.240063635
C3	19	5	76	437	85.74	1.885522706
C3	19	6	109	92	87.30434783	1.523880443
C3	19	7	117	57	87.39413681	1.258912478
C3	19	8	129	99	87.79032258	1.323308271
C3	19	9	132	443	89.10869565	0.867533012
C3	19	10	136	248	89.65740741	0
C3	19	11	138	255	90.62126246	2.289101853
C3	19	12	139	459	91.30357143	1.424727974
C3	19	13	153	293	91.63636364	0.453860566
C3	19	14	159	376	91.91025641	0.679645744
C3	19	15	167	359	92.58441558	0
C3	19	16	182	33	92.78461538	2.729838049
C3	19	17	201	91	94.05084746	1.38977988
C3	19	18	219	87	94.25842697	0.201727985
C3	19	19	222	215	95.23469388	1.728062366
C3	19	20	274	123	95.85714286	2.414893803
C3	19	21	287	346	97.67175573	1.181233407
C3	19	22	305	372	98.3081761	0
C3	19	23	306	87	98.53825137	1.635974396
C3	19	24	307	62	99.09547739	2.56885245
C3	19	25	312	369	99.57106599	0
C3	19	26	337	49	100.7010309	2.071799816
C3	19	27	342	78	100.7312775	0
C3	19	28	355	10	100.8333333	1.809669452
C3	19	29	358	112	101.2923077	2.036919979
C3	19	30	379	408	101.379845	2.261980361
C3	19	31	383	423	101.9403974	2.992596778
C3	19	32	420	201	102.975945	4.35411483
C3	19	33	422	37	103.0392157	0.817612027
C3	19	34	478	168	103.05	1.350041463
C3	20	1	27	439	104.3333333	1.595266358
C3	20	2	40	279	104.5	0.782142729
C3	20	3	49	264	105.0689655	2.440556517
C3	20	4	51	81	105.3120567	2.582917489
C3	20	5	84	136	105.6111111	1.211141427
C3	20	6	105	233	111.3160173	2.244931921
C3	20	7	107	212	113.7440476	0.860767402
C3	20	8	127	293	114.9514563	1.601698509
C3	20	9	156	92	115.3513514	4.917280234
C3	20	10	193	50	115.531746	1.804211003
C3	20	11	207	46	117.6459459	2.035452394
C3	20	12	208	400	117.8862275	2.619111632
C3	20	13	221	105	119.6097561	2.465054264
C3	20	14	237	116	122.6363636	1.496451755
C3	20	15	245	139	127.7272727	0
C3	20	16	247	364	129.093633	1.905868026
C3	20	17	282	55	133.5881643	1.28183731
C3	20	18	288	23	135.9647577	0.849754819
C3	20	19	290	48	136	0
C3	20	20	291	133	139.0746667	2.466773716
C3	20	21	365	96	141.4512987	1.714953878
C3	20	22	412	345	144.1863118	0.274976093
C3	20	23	432	309	144.4529307	1.18187399
C3	20	24	435	332	147.2670025	1.068253667
C3	20	25	438	132	148.376947	1.866951942
C3	20	26	467	242	150.1555556	1.023190877
C3	20	27	481	241	151.0082645	1.230221728
C3	21	1	8	179	152.775	2.515377278
C3	21	2	28	14	154.4545455	2.069976335
C3	21	3	29	33	157.8953975	0
C3	21	4	36	39	159.2590909	2.419138222
C3	21	5	41	324	160.7032086	1.05610661
C3	21	6	47	310	161.8442623	1.631161572
C3	21	7	49	147	161.8453292	1.482650549
C3	21	8	58	345	162.0952381	1.617095581
C3	21	9	150	41	162.8164251	2.339582245
C3	21	10	171	259	163.0190931	2.721906368
C3	21	11	221	329	166.1369863	1.34545554
C3	21	12	222	64	167.3458213	1.298689078
C3	21	13	228	157	168.871875	1.316855898
C3	21	14	228	282	168.9466437	1.184446466
C3	21	15	267	389	169.527027	1.010903453
C3	21	16	271	120	169.7421603	1.551943044
C3	21	17	342	287	170.6666667	1.403374395
C3	21	18	350	447	171.2698413	1.311807101
C3	21	19	402	55	175.9569892	3.33E-03
C3	21	20	404	483	177.519573	1.676186138
C3	21	21	425	52	178.6759259	1.004418831
C3	21	22	456	18	178.8178295	2.01E-02
C3	21	23	461	132	179.1029412	0.824642202
C3	21	24	465	111	180.6455696	1.535435431
C3	21	25	465	125	184.8870968	0
C3	22	1	34	403	185.3783784	3.002154528
C3	22	2	65	462	186.9894737	1.097115102
C3	22	3	66	482	189.2173913	1.279386648
C3	22	4	69	442	189.8529412	1.152553462
C3	22	5	78	402	192.2068966	0.579264923
C3	22	6	110	379	192.6136364	2.057688022
C3	22	7	148	138	193.9785714	1.468504075
C3	22	8	209	378	197.2271062	1.517746232
C3	22	9	218	390	200.0639269	1.238558094
C3	22	10	221	368	200.6498599	1.108316341
C3	22	11	223	421	204.6018237	1.4178818
C3	22	12	225	411	206.5756972	1.139849167
C3	22	13	274	273	207.7142857	0
C3	22	14	286	256	208.0191571	2.033696672
C3	22	15	309	93	213.4682081	1.980044346
C3	22	16	331	240	213.6398601	2.556825448
C3	22	17	359	196	220.1011236	2.119469261
C3	22	18	382	454	225.7774648	1.732530399
C3	22	19	393	202	227	1.460102677
C3	22	20	402	96	227.2545455	1.796287601
C3	22	21	404	112	235.6065574	0
C3	22	22	405	79	235.8317757	1.260405604
C3	22	23	413	353	236.1758475	1.909190846
C3	22	24	434	327	236.7142857	0.885028648
C3	22	25	469	220	239.1428571	1.524880188
C3	22	26	471	249	241.4169279	1.093090214
C3	22	27	475	432	242.6023392	1.331430149
C3	22	28	486	382	245.8686131	0.951968545
C3	23	1	18	75	247.706422	3.309115103
C3	23	2	20	312	250.1730769	1.535917906
C3	23	3	34	409	251.5531915	1.179314072
C3	23	4	61	268	255.4929577	1.610648068
C3	23	5	95	231	264.2853026	1.778748936
C3	23	6	98	216	266.3067916	1.747464682
C3	23	7	107	326	269.7647059	2.433606871
C3	23	8	111	428	269.9113924	1.13918041
C3	23	9	128	399	271.8084633	1.236135922
C3	23	10	132	55	273.8586957	1.520185517
C3	23	11	151	314	273.8846154	1.64818856
C3	23	12	152	336	274.2857143	1.053740077
C3	23	13	153	346	282.54	1.111721406
C3	23	14	167	345	289.4418605	1.26729151
C3	23	15	177	69	294.0909091	2.235682995
C3	23	16	185	150	298.320339	1.347829808
C3	23	17	216	275	302.7203065	2.302652938
C3	23	18	223	178	311.5326797	0.128105509
C3	23	19	228	144	314.4571429	1.103444602
C3	23	20	244	419	315.65	1.469580285
C3	23	21	250	145	318.0813953	1.072413114
C3	23	22	259	410	326.708	0
C3	23	23	271	212	329.75	1.21280086
C3	23	24	280	131	339.1724138	0.124325463
C3	23	25	296	135	339.7886179	3.03E-02
C3	23	26	364	178	343.2073171	1.619076588
C3	23	27	405	304	343.7735849	0
C3	23	28	406	382	348.2179487	0
C3	23	29	410	359	349.5761905	2.065195412
C3	23	30	412	304	356.8918919	0
C3	23	31	413	376	362.5134021	0
C3	23	32	424	80	364.5520833	1.368011625
C3	23	33	426	21	375.4458599	0.962487512
C3	23	34	426	446	385.9268293	1.602404383
C3	23	35	435	9	388.6828194	0.994601445
C3	23	36	448	439	390.7545126	2.219510858
C3	23	37	448	473	398.8197115	1.327558043
C3	23	38	449	197	404.363871	1.153967662
C3	23	39	451	171	411.0519481	0
C3	23	40	453	208	418.3151515	1.321641933
C3	23	41	464	480	419.0202703	1.597335954
C3	23	42	484	194	452.125	0
C3	23	43	486	157	455.6785714	1.435018036
C3	23	44	486	176	460.2938144	1.369992358
C3	24	1	55	159	461.2066116	1.798214186
C3	24	2	72	18	467.0093897	2.212162828
C3	24	3	82	304	467.9375	0
C3	24	4	103	307	478.0194175	1.143929311
C3	24	5	105	43	493.7265823	1.10462034
C3	24	6	106	24	497.9387755	1.108756846
C3	24	7	114	221	500.4188034	1.650863935
C3	24	8	133	348	500.8888889	1.455126691
C3	24	9	143	353	514.7236181	2.151593947
C3	24	10	166	305	517.0688073	1.856607581
C3	24	11	172	136	517.6666667	1.057097728
C3	24	12	174	169	518.5287908	1.061597447
C3	24	13	191	310	524.5	0
C3	24	14	206	439	528.7272727	2.465303432
C3	24	15	213	388	545.6666667	1.795315319
C3	24	16	220	276	560.326284	1.797143683
C3	24	17	246	194	581.0647249	1.121290933
C3	24	18	256	256	597.238806	1.532897311
C3	24	19	265	306	605.1393939	1.438537735
C3	24	20	294	250	607.4318182	1.720496775
C3	24	21	306	315	631.6456311	2.203260244
C3	24	22	313	338	636.4358974	0.211045128
C3	24	23	415	313	643.9821429	2.449646376
C3	24	24	419	300	653.6037736	1.046584242
C3	24	25	422	276	676.6981132	4.23E-02
C3	24	26	424	201	680.6651163	0.378663192
C3	24	27	445	187	750.2666667	1.805007314
C3	25	1	14	353	777.5601504	0.655262926
C3	25	2	50	112	785.0473934	1.116323146
C3	25	3	84	469	785.320442	1.507767175
C3	25	4	85	454	804.701847	1.356081866
C3	25	5	98	404	822.6578947	2.307513261
C3	25	6	99	454	826.2195122	0
C3	25	7	126	236	828.9756098	1.765561682
C3	25	8	132	349	830.706422	2.351238741
C3	25	9	145	275	859.9344262	2.147357067
C3	25	10	201	335	871.0905512	1.498403451
C3	25	11	236	468	877.721393	1.576679645
C3	25	12	246	427	879.5130435	0
C3	25	13	271	204	899.2348668	2.775800452
C3	25	14	298	270	923.8007813	2.513163505
C3	25	15	304	126	937.0527523	1.350872325
C3	25	16	307	102	942.1142857	0.672451206
C3	25	17	338	36	945.2810219	3.216915961
C3	25	18	351	440	964.3421053	1.480595515
C3	25	19	352	316	980.915493	1.779553482
C3	25	20	370	250	998.9758621	1.368384701
C3	25	21	377	218	1052.150649	0
C3	25	22	417	404	1092.431034	1.888199328
C3	25	23	449	25	1094.375912	1.138996149
C3	25	24	467	307	1099.409091	1.798042755
C3	25	25	468	141	1129.990291	1.280581311
C3	26	1	5	397	1134.384615	1.069078947
C3	26	2	21	390	1138.455172	0.880726484
C3	26	3	29	292	1187.42029	1.335652731
C3	26	4	65	254	1189.733333	2.477488731
C3	26	5	82	94	1200.854545	1.591094091
C3	26	6	114	131	1213.789377	1.571879561
C3	26	7	114	147	1230.75	0
C3	26	8	115	154	1236.655246	1.543140379
C3	26	9	144	309	1237.683871	1.238189442
C3	26	10	170	246	1266.137615	1.920435881
C3	26	11	179	134	1273.519417	1.689828938
C3	26	12	180	150	1315.965517	2.078859769
C3	26	13	192	303	1347.428571	1.183086099
C3	26	14	214	213	1347.747065	1.381028117
C3	26	15	216	195	1370.141129	1.070712907
C3	26	16	230	427	1382	1.727722622
C3	26	17	236	308	1386.679012	0.258569181
C3	26	18	243	284	1398.259259	1.012883527
C3	26	19	245	81	1402.555874	2.359347937
C3	26	20	260	392	1420.08427	1.263155765
C3	26	21	286	286	1423.151515	1.798320295
C3	26	22	294	235	1436.148148	1.38620657
C3	26	23	299	279	1441.934866	0
C3	26	24	309	341	1444.137931	1.236417016
C3	26	25	317	278	1499.472727	0
C3	26	26	357	90	1502.857741	0
C3	26	27	358	83	1550.458159	0
C3	26	28	368	307	1565.816547	1.183051845
C3	26	29	369	87	1571.792683	2.809098393
C3	26	30	370	90	1574.038462	0
C3	26	31	371	302	1589.594203	0
C3	26	32	372	290	1590.758621	1.094896163
C3	26	33	372	323	1612.53125	1.922530266
C3	26	34	375	269	1647.508838	0.246038307
C3	26	35	384	248	1658.513447	0.958322931
C3	26	36	400	160	1665.877064	1.564984772
C3	26	37	402	177	1670.964349	1.447977463
C3	26	38	437	8	1676.473684	1.496081193
C3	26	39	445	229	1686.75	2.938403352
C3	26	40	483	373	1712.813084	1.234033991
C3	26	41	485	396	1722.70339	0.435647299
C3	27	1	22	456	1735.867725	2.222212152
C3	27	2	23	473	1744	0
C3	27	3	53	429	1756.834131	2.224813309
C3	27	4	59	413	1764.152305	1.371517267
C3	27	5	85	133	1795.830882	1.4064622
C3	27	6	88	108	1805.520325	1.386710009
C3	27	7	88	125	1809.350877	0
C3	27	8	109	478	1843.820785	2.80E-02
C3	27	9	116	145	1857.270936	3.123807696
C3	27	10	126	215	1882.689873	2.648063125
C3	27	11	131	102	1912.868421	1.446359258
C3	27	12	136	398	1930.005	1.565278421
C3	27	13	171	379	1931	1.222048038
C3	27	14	203	317	1944.309091	1.171849514
C3	27	15	206	344	1947.364486	1.24698663
C3	27	16	214	189	1978.035897	1.793657069
C3	27	17	226	264	2001.106061	0.657444783
C3	27	18	226	300	2011.485507	1.360693607
C3	27	19	230	481	2046.121739	0
C3	27	20	260	114	2090.830189	0.241677642
C3	27	21	266	137	2092.744681	1.227549859
C3	27	22	308	38	2100.756164	0.929089423
C3	27	23	322	52	2108.684783	1.932319343
C3	27	24	333	459	2112.820513	1.794536259
C3	27	25	359	385	2135.059361	0.287127242
C3	27	26	373	457	2167.666667	1.341201241
C3	27	27	376	14	2175.285714	0
C3	27	28	376	404	2185.567114	2.282945586
C3	27	29	381	57	2192.752137	1.389480519
C3	27	30	430	376	2195.25	0.285351508
C3	27	31	440	368	2207.842105	0.703311001
C3	27	32	483	49	2215.0625	3.607833335
C3	27	33	506	133	2223.71875	0
C3	28	1	46	335	2231.272727	0
C3	28	2	62	248	2233.308824	0.993760288
C3	28	3	63	456	2240.38	1.385991066
C3	28	4	81	80	2275.968254	2.84E-04
C3	28	5	116	240	2281.120172	1.477712801
C3	28	6	137	341	2296.28	0.112173795
C3	28	7	153	41	2299.465195	0.974131014
C3	28	8	173	266	2302.533808	0.997428438
C3	28	9	178	438	2347.660232	1.385379652
C3	28	10	200	67	2349.153614	1.067055787
C3	28	11	202	77	2349.791667	0.018922021
C3	28	12	203	35	2352.475524	1.46256208
C3	28	13	303	37	2353.255034	1.832113182
C3	28	14	316	42	2356.057143	0.804622996
C3	28	15	322	313	2385.368421	2.224711383
C3	28	16	328	200	2398.541176	1.939310598
C3	28	17	329	448	2406.490741	2.162702549
C3	28	18	348	257	2429.116541	1.578553975
C3	28	19	359	380	2461.24	1.272298465
C3	28	20	391	184	2474.392857	2.977726759
C3	28	21	397	83	2481.014599	0.473304295
C3	28	22	397	128	2483.606383	1.597132903
C3	28	23	403	75	2485.226471	0
C3	28	24	404	45	2485.673913	1.572855584
C3	28	25	409	315	2498.310502	1.287340751
C3	28	26	410	124	2504.085202	1.436994603
C3	28	27	413	335	2513.488372	1.163795026
C3	28	28	454	388	2530.333333	2.378362515
C3	28	29	489	207	2532.783019	0.908515056
C3	29	1	18	413	2536.905063	1.72767316
C3	29	2	26	466	2555.884817	0
C3	29	3	43	346	2556.876543	0.138102804
C3	29	4	54	380	2579.414894	1.277967106
C3	29	5	69	83	2582.051661	1.893334626
C3	29	6	102	12	2586.855828	1.06797034
C3	29	7	106	299	2586.866071	2.24364599
C3	29	8	118	150	2598.953846	0
C3	29	9	121	172	2605.545455	0
C3	29	10	124	149	2609.9375	1.208227471
C3	29	11	126	171	2634.55144	0
C3	29	12	129	165	2651.265625	1.263780627
C3	29	13	150	228	2663.047244	0.980116776
C3	29	14	216	225	2686.985714	0
C3	29	15	231	382	2725.230769	1.567247531
C3	29	16	236	205	2742.671053	1.50988978
C3	29	17	239	98	2756.636364	0.15134605
C3	29	18	246	244	2771.555556	1.2376507
C3	29	19	254	262	2780.627907	2.51E-02
C3	29	20	263	376	2819.108911	1.973131418
C3	29	21	271	174	2823.607143	3.56E-02
C3	29	22	273	159	2825.367284	1.739270053
C3	29	23	274	325	2853.323529	2.342670795
C3	29	24	276	312	2859.705882	1.967444662
C3	29	25	282	148	2865.169312	0
C3	29	26	291	146	2867.984375	0
C3	29	27	299	392	2894.377358	0.971146726
C3	29	28	304	409	2896.009259	1.488597305
C3	29	29	312	69	2916.888889	0.949122128
C3	29	30	317	478	2917.245211	1.573398004
C3	29	31	341	469	2918.238095	1.940729978
C3	29	32	386	288	2918.612179	2.374851485
C3	29	33	397	367	2931.039216	3.363236103
C3	29	34	432	178	2932.05848	1.286386956
C3	29	35	441	215	2936.119171	0.183736201
C3	30	1	17	382	2938.739726	1.088439954
C3	30	2	24	365	2940.482659	1.301613846
C3	30	3	33	101	2952.542453	1.426174281
C3	30	4	40	296	2964.613333	1.472251984
C3	30	5	60	47	2973.8	1.267505915
C3	30	6	62	422	2974.15	1.117271505
C3	30	7	72	20	2977.947115	1.109755429
C3	30	8	73	323	2984.285714	0.993156675
C3	30	9	87	300	2984.87931	1.324645963
C3	30	10	111	112	2989.401316	1.882393872
C3	30	11	251	262	2999.394558	0.618794686
C3	30	12	259	449	3002.335484	2.547280675
C3	30	13	260	241	3008.428571	2.385665297
C3	30	14	273	453	3072.125	2.79464892
C3	30	15	279	170	3093.883598	1.006456202
C3	30	16	331	228	3094.061728	2.124202327
C3	30	17	357	240	3100.005128	1.563513973
C3	30	18	361	154	3103.44697	1.110119216
C3	30	19	374	251	3105.006061	1.468585663
C3	30	20	391	275	3122.630435	0
C3	30	21	392	276	3122.728395	0
C3	30	22	413	439	3137.077778	4.77E-02
C3	30	23	417	395	3179.9625	0.943922211
C3	30	24	429	210	3221.565421	1.335344598
C3	30	25	444	307	3241.738462	0
C3	30	26	453	168	3346.03876	2.02298295
C3	30	27	467	446	3352.107143	1.333492622
