Well	Field	Cell Number	Top	Left	CircRingAvgIntenRatioCh2	
B2	1	1	2	208	1.61126545929841	
B2	1	2	7	411	1.98972763878644	
B2	1	3	11	365	0.634188860374519	
B2	1	4	12	51	1.59174287531071	
B2	1	5	26	222	0.592118012926051	
B2	1	6	34	154	1.7571512511775	
B2	1	7	44	132	1.75423284805697	
B2	1	8	47	269	1.44212294254073	
B2	1	9	54	79	1.82623825316058	
B2	1	10	56	303	1.19009108504014	
B2	1	11	58	36	1.6001486006648	
B2	1	12	58	373	0.793080548524535	
B2	1	13	69	235	0.517250840101615	
B2	1	14	74	457	1.17636842117677	
B2	1	15	92	137	2.04923599956568	
B2	1	16	98	419	2.15510028016383	
B2	1	17	104	357	1.970293917241	
B2	1	18	108	324	3.74825831370547E-02	
B2	1	19	114	233	1.95453259143369	
B2	1	20	121	70	1.34491248011476	
B2	1	21	122	458	1.49277722915362	
B2	1	22	128	52	1.8423634208249	
B2	1	23	130	444	2.13486098819893	
B2	1	24	140	189	0.239577863093358	
B2	1	25	145	371	1.51477618651382	
B2	1	26	152	117	0.827583767893512	
B2	1	27	166	224	1.65652553565939	
B2	1	28	170	62	0.715259385563119	
B2	1	29	170	412	1.72751338230504	
B2	1	30	177	249	1.56009812807149	
B2	1	31	191	306	1.0792667327324	
B2	1	32	191	359	1.78247829257669	
B2	1	33	201	44	1.4458095482553	
B2	1	34	202	193	1.40746148626468	
B2	1	35	216	120	1.56152494990079	
B2	1	36	218	292	1.16956793095994	
B2	1	37	221	244	1.66586924927011	
B2	1	38	228	420	1.89643648753612	
B2	1	39	237	70	2.235607222395	
B2	1	40	237	176	0.63156395740895	
B2	1	41	253	477	1.9974693703393	
B2	1	42	259	355	2.15770826979217	
B2	1	43	272	32	1.95070693989532	
B2	1	44	279	157	1.4278736450936	
B2	1	45	280	234	0.460904517309316	
B2	1	46	290	290	1.65647364305861	
B2	1	47	290	339	1.52601092496258	
B2	1	48	293	416	1.35678401612744	
B2	1	49	299	77	1.75338557134488	
B2	1	50	300	431	1.42809345788046	
B2	1	51	312	4	1.40776622665658	
B2	1	52	315	164	0.731711728510162	
B2	1	53	327	398	0.626708560969437	
B2	1	54	332	351	1.00282896291047	
B2	1	55	344	176	1.95409610853076	
B2	1	56	345	254	1.56038552363377	
B2	1	57	346	284	1.24304045104925	
B2	1	58	350	456	1.27944163042959	
B2	1	59	354	116	2.05516282700184	
B2	1	60	368	78	1.59236877504951	
B2	1	61	374	192	0.954248730896528	
B2	1	62	376	39	0.715807960989611	
B2	1	63	379	377	1.70143091060229	
B2	1	64	387	329	1.07446870055552	
B2	1	65	391	422	2.73056578742354	
B2	1	66	392	264	2.6575586509338	
B2	1	67	400	140	1.81230457265558	
B2	1	68	400	463	1.6841621253438	
B2	1	69	429	199	1.79384065498118	
B2	1	70	430	45	1.4636360188065	
B2	1	71	437	291	1.27476609921109	
B2	1	72	453	467	2.78700887614443	
B2	1	73	457	366	1.65609568247992	
B2	1	74	464	421	1.87405271299426	
B2	1	75	474	169	1.68425600557735	
B2	2	1	10	329	0.932171263462702	
B2	2	2	12	171	2.0689863932636	
B2	2	3	18	67	2.52872851089204	
B2	2	4	19	144	0.220454561313566	
B2	2	5	22	6	1.9047509393832	
B2	2	6	38	217	1.94471507020626	
B2	2	7	41	406	1.75798198115635	
B2	2	8	42	319	2.04711227967021	
B2	2	9	47	119	1.37693015819637	
B2	2	10	50	276	1.79427543738518	
B2	2	11	69	8	2.03297808385898	
B2	2	12	75	149	2.37762415834869	
B2	2	13	76	356	1.47003688845098	
B2	2	14	81	88	2.10747957044645	
B2	2	15	84	201	1.45353832626989	
B2	2	16	108	173	0.538544674986946	
B2	2	17	109	382	1.98837969656597	
B2	2	18	113	271	1.98375662829013	
B2	2	19	120	445	2.02478614829813	
B2	2	20	124	38	1.77937271087268	
B2	2	21	129	25	1.66960813524192	
B2	2	22	137	230	1.22760285439438	
B2	2	23	137	313	2.28189476545583	
B2	2	24	139	87	1.90592184504005	
B2	2	25	151	364	2.56904295891308	
B2	2	26	154	155	0.686540122910261	
B2	2	27	173	466	2.74625209773725	
B2	2	28	189	25	1.68706966756993	
B2	2	29	196	85	1.84445750159093	
B2	2	30	199	303	1.72640844490413	
B2	2	31	200	405	1.66071006306168	
B2	2	32	202	131	1.51436200706031	
B2	2	33	209	350	1.14141624379327	
B2	2	34	222	189	2.62474266704094	
B2	2	35	231	16	2.18602223120736	
B2	2	36	246	249	0.783598706888142	
B2	2	37	251	316	1.78021936764055	
B2	2	38	253	332	1.90583151527636	
B2	2	39	257	103	1.68419015682249	
B2	2	40	261	419	1.74108622799755	
B2	2	41	271	203	1.92207626615518	
B2	2	42	274	336	0.983117517647795	
B2	2	43	282	263	1.62267134737335	
B2	2	44	292	378	2.4300861852241	
B2	2	45	296	194	1.75037998654474	
B2	2	46	297	104	2.50204057582508	
B2	2	47	298	429	2.05964068384712	
B2	2	48	307	313	1.13991294434033	
B2	2	49	321	267	2.02662047588659	
B2	2	50	324	124	2.12790236265869	
B2	2	51	333	68	1.77440516226598	
B2	2	52	346	185	1.8645325736562	
B2	2	53	349	334	0.806080018581654	
B2	2	54	353	136	1.8027658488464	
B2	2	55	359	247	0.91170662160735	
B2	2	56	361	187	2.21798471620725	
B2	2	57	371	374	1.32660648661735	
B2	2	58	372	248	0	
B2	2	59	375	281	2.61567643085237	
B2	2	60	378	250	0.360373354293574	
B2	2	61	384	55	1.77865377344546	
B2	2	62	386	133	1.82955121773262	
B2	2	63	388	313	1.47057574625506	
B2	2	64	394	407	1.62543118427163	
B2	2	65	406	179	1.7600841607176	
B2	2	66	406	246	1.64953165561722	
B2	2	67	409	407	1.85860986324489	
B2	2	68	421	99	1.17398758402165	
B2	2	69	426	462	1.34006651877372	
B2	2	70	433	357	1.636759190329	
B2	2	71	436	160	2.06555399965643	
B2	2	72	439	325	1.1280843521637	
B2	2	73	459	310	1.54547164571025	
B2	2	74	462	7	1.30383045799164	
B2	2	75	465	76	1.38152054071467	
B2	2	76	468	26	1.4059070750695	
B2	2	77	473	211	1.56978900591343	
B2	2	78	476	8	1.55346424601704	
B2	2	79	478	311	1.40677930261572	
B2	2	80	478	394	1.15837601176147	
B2	2	81	481	125	1.43504899417994	
B2	2	82	484	200	1.79964219447411	
B2	2	83	486	29	0	
B2	2	84	494	34	1.70716700216491	
B2	3	1	9	214	1.67509160497639	
B2	3	2	13	112	1.8588110007788	
B2	3	3	18	360	1.07391046404305	
B2	3	4	32	110	1.73815002550716	
B2	3	5	38	23	1.62634270440566	
B2	3	6	38	275	1.40048870753515	
B2	3	7	58	386	1.64454392531814	
B2	3	8	65	64	1.85747128121836	
B2	3	9	66	246	1.3569263948017	
B2	3	10	68	256	1.75904672170136	
B2	3	11	78	321	1.76995691485795	
B2	3	12	83	457	1.56758965476759	
B2	3	13	95	326	2.06808664854625	
B2	3	14	104	182	1.4919869028874	
B2	3	15	116	92	1.33763490137934	
B2	3	16	117	74	1.46106995884774	
B2	3	17	125	288	1.74485836298353	
B2	3	18	128	355	1.92528444982953	
B2	3	19	146	36	1.71763871426212	
B2	3	20	147	224	1.0854877363317	
B2	3	21	150	244	1.64160852298843	
B2	3	22	156	422	0.920030430296721	
B2	3	23	165	114	2.2087820399955	
B2	3	24	182	193	1.62922795006218	
B2	3	25	193	15	1.92999133234509	
B2	3	26	203	296	1.25651750799946	
B2	3	27	209	385	1.41395311572304	
B2	3	28	212	277	1.30513432122568	
B2	3	29	217	234	2.49925868536353	
B2	3	30	222	164	1.44199272355907	
B2	3	31	224	108	1.49688415010017	
B2	3	32	226	122	1.60341140484426	
B2	3	33	229	276	1.35223171819078	
B2	3	34	231	343	1.71254525782127	
B2	3	35	234	296	2.20562009638442	
B2	3	36	239	389	1.69278547539417	
B2	3	37	241	80	1.09123692991473	
B2	3	38	246	210	0.412049297483887	
B2	3	39	264	404	2.5541916959794	
B2	3	40	267	441	2.11931691105434	
B2	3	41	274	119	2.58340908384611	
B2	3	42	276	311	1.039415145473	
B2	3	43	281	260	1.02358211020509	
B2	3	44	286	12	1.79097335022984	
B2	3	45	294	93	1.40128833912887	
B2	3	46	298	170	1.32698079149173	
B2	3	47	309	98	1.72607571381636	
B2	3	48	317	134	1.86019271067848	
B2	3	49	321	475	1.81911249476754	
B2	3	50	323	222	2.33070729466496	
B2	3	51	332	344	1.92290324230438	
B2	3	52	336	276	1.95323022339487	
B2	3	53	338	4	1.83224969485322	
B2	3	54	338	55	2.04281171311697	
B2	3	55	338	437	1.36916995654043	
B2	3	56	347	452	1.38097847308821	
B2	3	57	349	115	2.17991751681911	
B2	3	58	358	384	1.93373560943941	
B2	3	59	371	143	1.75944863995525	
B2	3	60	387	146	1.75903048893846	
B2	3	61	395	170	2.12219221040282	
B2	3	62	395	352	2.3945833553639	
B2	3	63	397	246	1.7709668911461	
B2	3	64	400	56	1.63455988728543	
B2	3	65	410	167	1.98058186562296	
B2	3	66	411	11	1.69845462989681	
B2	3	67	414	472	1.48025681211337	
B2	3	68	416	429	2.04579035568099	
B2	3	69	419	345	2.6312049866335	
B2	3	70	420	288	1.51318124486223	
B2	3	71	435	41	0	
B2	3	72	450	353	1.79032999930397	
B2	3	73	457	290	1.64022549929661	
B2	3	74	464	157	2.79087790045921	
B2	3	75	465	180	1.21843321754638	
B2	3	76	473	100	2.61573615516814	
B2	4	1	18	487	1.77780509912981	
B2	4	2	20	116	1.13759023191522	
B2	4	3	28	428	1.85648759479826	
B2	4	4	35	388	1.62398745753854	
B2	4	5	49	348	2.73472820379548	
B2	4	6	67	41	1.20342291922187	
B2	4	7	76	253	1.41483101958462	
B2	4	8	77	173	1.13612642327784	
B2	4	9	81	304	2.05397932383431	
B2	4	10	92	49	2.15520570841111	
B2	4	11	95	189	0.738632527499752	
B2	4	12	106	463	0.789816355969818	
B2	4	13	109	114	2.14306654827843	
B2	4	14	114	230	1.13583724470754	
B2	4	15	131	443	1.85872655242109	
B2	4	16	132	290	1.74247550595802	
B2	4	17	135	177	1.69596285300539	
B2	4	18	140	48	1.58680530847506	
B2	4	19	143	384	1.42309159896587	
B2	4	20	146	402	1.14701801542644	
B2	4	21	166	434	0.479640435568868	
B2	4	22	175	153	1.50997169037811	
B2	4	23	184	346	1.38509918290933	
B2	4	24	186	178	1.07376012932374	
B2	4	25	188	457	1.12972754733893	
B2	4	26	191	154	0.415961074510532	
B2	4	27	195	242	2.12778747827412	
B2	4	28	198	8	1.49182193598432	
B2	4	29	202	278	2.15716914271968	
B2	4	30	215	320	2.03783003265014	
B2	4	31	218	119	0.340295441245902	
B2	4	32	224	147	1.97800222348511	
B2	4	33	228	365	2.23671712976001	
B2	4	34	235	59	0.988279628634028	
B2	4	35	249	178	2.5892632553854	
B2	4	36	254	200	1.02707816443704	
B2	4	37	256	480	1.81366855899525	
B2	4	38	262	299	1.81116818847516	
B2	4	39	271	361	1.09424367649948	
B2	4	40	275	403	1.33523777888501	
B2	4	41	278	336	2.003806156761	
B2	4	42	288	93	2.1094362980219	
B2	4	43	301	284	0.10864839004657	
B2	4	44	305	250	1.90090361157318	
B2	4	45	306	428	1.17446632448813	
B2	4	46	311	44	1.77101122349284	
B2	4	47	320	300	1.42942667504055	
B2	4	48	329	145	2.24904600741678	
B2	4	49	337	326	2.21603982055211	
B2	4	50	342	447	1.41401741944407	
B2	4	51	351	321	1.77322056359691	
B2	4	52	356	254	1.39334690628501	
B2	4	53	356	343	0.89085816044649	
B2	4	54	363	193	1.497462446444	
B2	4	55	364	412	2.40371749598887	
B2	4	56	366	96	2.17843561816835	
B2	4	57	374	35	1.79147534093953	
B2	4	58	397	340	2.61596540260075	
B2	4	59	406	416	1.77549674831711	
B2	4	60	420	312	0.677773900907188	
B2	4	61	427	163	1.94535214721686	
B2	4	62	444	54	1.86749912468334	
B2	4	63	447	314	2.14941599631711	
B2	4	64	448	3	3.16916697403183	
B2	4	65	452	233	1.91454196435912	
B2	4	66	457	111	2.06993593660787	
B2	4	67	466	360	1.60589473339967	
B2	4	68	468	408	2.13134205177156	
B2	5	1	8	192	1.68311402084266	
B2	5	2	11	360	2.39751829544084	
B2	5	3	12	313	1.14337711663238	
B2	5	4	12	326	1.55475898354737	
B2	5	5	15	47	2.69345709199549	
B2	5	6	18	99	1.20997989657665	
B2	5	7	22	292	1.42306676794029	
B2	5	8	29	273	4.57746175609742E-03	
B2	5	9	29	314	0.192140002422187	
B2	5	10	43	229	0.71127215964791	
B2	5	11	43	384	1.81897500014848	
B2	5	12	58	135	1.7537288336717	
B2	5	13	62	83	1.59729961254085	
B2	5	14	72	168	0.936743352484606	
B2	5	15	77	466	1.77526186087649	
B2	5	16	82	311	1.62642756350272	
B2	5	17	83	41	1.66760464943175	
B2	5	18	93	367	1.48960898428412	
B2	5	19	100	228	2.94504305280598	
B2	5	20	106	44	1.05411210744723	
B2	5	21	106	65	1.52872321291643	
B2	5	22	109	426	0.837637803999779	
B2	5	23	112	344	1.83423122765197	
B2	5	24	118	273	1.87716262975779	
B2	5	25	129	117	1.84616077285362	
B2	5	26	130	312	1.28199466705276	
B2	5	27	135	300	2.21488830945521	
B2	5	28	140	17	2.05483373312414	
B2	5	29	142	409	0.994383197707257	
B2	5	30	147	349	2.30406374545059	
B2	5	31	150	217	1.90062771897707	
B2	5	32	170	87	1.41594539469698	
B2	5	33	173	262	1.55493758246219	
B2	5	34	177	368	2.08451442421172	
B2	5	35	180	167	1.22472862787991	
B2	5	36	183	434	1.72160732239954	
B2	5	37	184	53	1.25644128151895	
B2	5	38	186	310	2.15082452146122	
B2	5	39	210	472	1.64167978150711	
B2	5	40	212	119	1.1898931835896	
B2	5	41	212	259	1.15121267498181	
B2	5	42	215	455	1.34885905934759	
B2	5	43	216	225	0.785733325006816	
B2	5	44	221	107	0.312930177776142	
B2	5	45	224	476	1.02347933265626	
B2	5	46	226	215	1.60233354539179	
B2	5	47	229	29	1.25793434782373	
B2	5	48	239	283	1.65724713845066	
B2	5	49	247	131	1.4969442068865	
B2	5	50	249	252	0.717199353314264	
B2	5	51	254	269	0.577708463264166	
B2	5	52	259	92	0.982749154714714	
B2	5	53	259	389	1.91024016510406	
B2	5	54	261	116	2.00600298032309E-02	
B2	5	55	271	450	1.7681857044781	
B2	5	56	272	274	1.41955074441497	
B2	5	57	276	33	2.43298583266506	
B2	5	58	278	351	1.34678017722672	
B2	5	59	281	227	2.23180394963033	
B2	5	60	292	177	0.759215546574368	
B2	5	61	297	313	0.85790538198883	
B2	5	62	310	46	0.739537146462178	
B2	5	63	317	378	2.39463621415812	
B2	5	64	323	118	1.18425316664663	
B2	5	65	331	154	2.08416724497941	
B2	5	66	332	295	0.811344753753131	
B2	5	67	335	224	1.3439291345655	
B2	5	68	347	418	1.60045716868634	
B2	5	69	349	66	1.59556463023844	
B2	5	70	358	335	0.928022154339805	
B2	5	71	378	113	1.56094186657812	
B2	5	72	389	214	1.88284905461231	
B2	5	73	390	314	0.603669804750817	
B2	5	74	391	256	1.06771409473555	
B2	5	75	394	438	1.38402937227546	
B2	5	76	398	111	0.929002127975266	
B2	5	77	405	357	1.57153161808707	
B2	5	78	412	466	1.7806709345244	
B2	5	79	413	195	1.54965083011083	
B2	5	80	416	39	3.13729964413473	
B2	5	81	425	411	1.14026416564044	
B2	5	82	434	123	1.7496440806984	
B2	5	83	436	266	1.47656536424612	
B2	5	84	437	364	2.35704569360192	
B2	5	85	448	413	0.794322909676554	
B2	5	86	450	244	0.1945931887679	
B2	5	87	450	429	1.13089504791799	
B2	5	88	451	90	1.7645752660703	
B2	5	89	467	333	1.70297325632725	
B2	5	90	474	16	1.86159434833954	
B2	5	91	482	384	1.89313738653062	
B2	5	92	483	330	1.16635000491556	
B2	5	93	489	290	0.876874165947092	
B2	6	1	5	481	2.28921953690345	
B2	6	2	6	407	1.10724289992049	
B2	6	3	7	16	1.61792547793418	
B2	6	4	17	150	2.4081209845719	
B2	6	5	18	315	2.05925253401936	
B2	6	6	36	227	1.90500540517903	
B2	6	7	47	121	1.89593291954704	
B2	6	8	58	389	1.81400263884787	
B2	6	9	68	25	2.20383583077291	
B2	6	10	77	90	1.32870757574693	
B2	6	11	77	358	2.00644422660502	
B2	6	12	83	462	1.55210070801364	
B2	6	13	94	203	1.64365149151421	
B2	6	14	101	293	0.944946173933796	
B2	6	15	105	148	2.157418240649	
B2	6	16	114	267	0.213786967242814	
B2	6	17	127	458	1.67809068327019	
B2	6	18	131	214	1.53928862701372	
B2	6	19	142	41	2.1464533383839	
B2	6	20	143	111	3.04867995410206	
B2	6	21	146	309	0.488134916875519	
B2	6	22	155	392	1.17493301721836	
B2	6	23	172	409	0.304909974821185	
B2	6	24	175	316	2.11656693795695	
B2	6	25	177	160	1.11005188927561	
B2	6	26	184	95	0.952596527232852	
B2	6	27	186	468	0.145286595143471	
B2	6	28	187	107	0.956998234237844	
B2	6	29	188	59	0.943586903917795	
B2	6	30	198	116	1.2028151951311	
B2	6	31	201	73	0.820899692651579	
B2	6	32	202	380	1.2823876357907	
B2	6	33	205	391	0	
B2	6	34	207	478	1.63892254752107	
B2	6	35	210	237	1.4265033611228	
B2	6	36	211	396	0	
B2	6	37	215	176	1.77418172134513	
B2	6	38	220	421	2.54881041684031	
B2	6	39	221	90	0.865197336634859	
B2	6	40	228	283	1.17129812485266	
B2	6	41	249	182	1.87760981231915	
B2	6	42	251	373	1.32361571902487	
B2	6	43	252	326	0.197047633587431	
B2	6	44	256	410	2.27764826057945	
B2	6	45	264	72	1.38712769627992	
B2	6	46	266	370	1.06021215798228	
B2	6	47	268	10	1.64919858181877	
B2	6	48	268	275	0.761534152322473	
B2	6	49	269	28	1.79018879864283	
B2	6	50	291	162	1.50096573477941	
B2	6	51	292	253	0.779560894268775	
B2	6	52	297	180	2.11661203646881	
B2	6	53	297	381	0.910021789354558	
B2	6	54	300	25	0.845587753459496	
B2	6	55	301	397	1.74047044623907	
B2	6	56	308	141	1.90729528728713	
B2	6	57	319	80	0.675494661573122	
B2	6	58	328	438	0.724151667457113	
B2	6	59	336	407	1.36006452259963	
B2	6	60	338	260	1.98920440206005	
B2	6	61	338	473	1.25229858243502	
B2	6	62	340	91	1.4450386472384	
B2	6	63	341	310	2.01889177383216	
B2	6	64	347	408	0.696220223626641	
B2	6	65	349	367	1.75790341366065	
B2	6	66	353	384	1.08353318544277	
B2	6	67	356	407	1.2077338400748	
B2	6	68	360	475	1.2076547007608	
B2	6	69	365	80	1.63495724259302	
B2	6	70	366	8	2.13612124315595	
B2	6	71	368	225	0.219904839824541	
B2	6	72	378	269	2.07788283789105	
B2	6	73	383	163	3.30876473964969	
B2	6	74	386	353	2.11885721807227	
B2	6	75	390	398	1.04335062040768	
B2	6	76	390	413	0.952942879772439	
B2	6	77	393	201	0.864999472805536	
B2	6	78	399	425	1.07325121882382	
B2	6	79	402	118	1.35587997113154	
B2	6	80	413	68	2.21936621355011	
B2	6	81	425	183	1.2825089061395	
B2	6	82	426	453	1.69419128443489	
B2	6	83	429	333	1.66222377310436	
B2	6	84	431	9	1.6113588013368	
B2	6	85	435	140	1.75139037626977	
B2	6	86	451	97	1.64400935299775	
B2	6	87	461	6	0.209945083165422	
B2	6	88	461	262	2.11540214478549	
B2	6	89	464	404	1.07228016040615	
B2	6	90	480	6	1.62585456534198	
B2	6	91	481	472	3.0974886926846	
B2	6	92	492	178	0.567963496637848	
B2	7	1	3	75	1.72624644110442	
B2	7	2	3	343	0.530153983829738	
B2	7	3	7	247	1.19187235897854	
B2	7	4	8	291	2.75049553141785	
B2	7	5	18	234	0.980745994585052	
B2	7	6	41	448	1.61152263234481	
B2	7	7	43	13	1.41421670871309	
B2	7	8	47	124	2.62956923272704	
B2	7	9	48	67	1.70279100522449	
B2	7	10	54	181	0.66115406074045	
B2	7	11	58	305	0.959256470164192	
B2	7	12	61	260	1.19767564460973	
B2	7	13	62	205	2.14104438298192	
B2	7	14	77	320	0.997653424161386	
B2	7	15	86	432	1.34628844269495	
B2	7	16	96	362	1.30617482802872E-02	
B2	7	17	102	216	1.74335931715265	
B2	7	18	108	276	1.84715169787369	
B2	7	19	109	182	1.12379984258824	
B2	7	20	110	130	1.27642991120166	
B2	7	21	112	22	2.22043512798138	
B2	7	22	114	69	2.86504231928054	
B2	7	23	126	383	1.90926808465602	
B2	7	24	137	298	0.47400548522671	
B2	7	25	137	327	1.99396888835478	
B2	7	26	150	440	1.53964388993047	
B2	7	27	152	105	1.17893141178076	
B2	7	28	159	280	1.93327354482368	
B2	7	29	161	191	2.07830174637825	
B2	7	30	169	30	1.29181576660735	
B2	7	31	169	153	1.12039778805762	
B2	7	32	174	72	1.27045515534956	
B2	7	33	176	465	0.235955955429389	
B2	7	34	180	313	0.531701082304382	
B2	7	35	189	253	0.84463816665171	
B2	7	36	194	8	1.03905480505818	
B2	7	37	206	217	0.757079338402064	
B2	7	38	213	157	2.09762296187501	
B2	7	39	215	362	1.26784394309968	
B2	7	40	217	483	0.525589270307121	
B2	7	41	219	63	1.76628604742999	
B2	7	42	235	167	1.01481935018383	
B2	7	43	235	206	1.63357154743925	
B2	7	44	240	228	1.36960689229081	
B2	7	45	242	478	0.859208947796532	
B2	7	46	251	314	2.21867367304498	
B2	7	47	253	101	2.15410411881806	
B2	7	48	253	396	0.424755956417118	
B2	7	49	259	26	2.05060014737181	
B2	7	50	260	360	1.44983629928744	
B2	7	51	263	150	0.86912226905135	
B2	7	52	269	278	1.4720352479519	
B2	7	53	271	375	0.74404573836959	
B2	7	54	284	224	0.880332850940666	
B2	7	55	286	339	1.13220699476839	
B2	7	56	290	160	0.843172367742131	
B2	7	57	304	91	1.33961094083692	
B2	7	58	317	442	1.8709954229676	
B2	7	59	318	239	2.74728690357853	
B2	7	60	329	99	2.07588937888888	
B2	7	61	335	349	1.10743447595201	
B2	7	62	344	420	1.13214327484277	
B2	7	63	345	159	2.0317157308451	
B2	7	64	345	393	0.366508653082639	
B2	7	65	347	39	1.41479427310955	
B2	7	66	348	438	1.45961935059236	
B2	7	67	351	64	1.00404538307712	
B2	7	68	351	205	1.77180866060498	
B2	7	69	359	268	1.98520828158843	
B2	7	70	375	316	0.910208519773941	
B2	7	71	381	430	1.29697800236096	
B2	7	72	383	115	1.50636842305616	
B2	7	73	388	473	1.39702292594425	
B2	7	74	397	154	1.03980725373354	
B2	7	75	407	291	2.50698684116832	
B2	7	76	413	170	2.50765449279414	
B2	7	77	416	90	0.96816199628523	
B2	7	78	417	427	2.44203904106682	
B2	7	79	419	480	1.60019386295831	
B2	7	80	420	19	1.65671663510455	
B2	7	81	426	233	1.87274213124405	
B2	7	82	437	273	1.29474716885458	
B2	7	83	437	314	0.596431075383448	
B2	7	84	440	62	1.38869050981605	
B2	7	85	442	378	1.27850586044771	
B2	7	86	449	184	0.270910440481932	
B2	7	87	458	122	1.69904374894797	
B2	7	88	461	221	1.67068853506639	
B2	7	89	462	41	2.32565021911104	
B2	7	90	463	463	1.29505960608247	
B2	7	91	477	275	1.72940279378385	
B2	7	92	485	442	2.30709216362926	
B2	8	1	12	4	1.69396813570535	
B2	8	2	17	275	1.72247023333483	
B2	8	3	20	229	1.63218695769542	
B2	8	4	24	130	1.79161307138366	
B2	8	5	24	338	2.358429476359	
B2	8	6	30	392	1.21267668423675	
B2	8	7	30	411	1.01200343243653	
B2	8	8	45	90	1.28777312282825	
B2	8	9	66	391	1.41776382609065	
B2	8	10	72	281	2.32898156944999	
B2	8	11	76	212	1.27255311678394	
B2	8	12	85	335	0.462307837318479	
B2	8	13	94	323	0.208532863749434	
B2	8	14	96	56	2.31138835555018	
B2	8	15	106	199	3.07060433869442	
B2	8	16	108	330	1.16605896699104	
B2	8	17	109	345	1.12022490286653	
B2	8	18	110	390	2.13919290017677	
B2	8	19	120	493	0	
B2	8	20	140	182	1.98431132133761	
B2	8	21	149	143	1.05166941467436	
B2	8	22	161	145	0	
B2	8	23	163	488	1.48838433734227	
B2	8	24	166	433	2.02223807706359	
B2	8	25	167	150	0	
B2	8	26	167	330	1.60055378253248	
B2	8	27	170	278	1.59223301083043	
B2	8	28	172	115	1.49873047760022	
B2	8	29	172	404	1.79232830096057	
B2	8	30	174	154	1.55617203500279	
B2	8	31	190	212	2.17773532070161	
B2	8	32	190	450	2.76089195591719	
B2	8	33	197	20	1.2898239007703	
B2	8	34	204	471	1.90125808876501	
B2	8	35	208	81	1.9327806649356	
B2	8	36	215	246	1.63549609438051	
B2	8	37	219	164	1.49343678924366	
B2	8	38	224	382	1.68846142637949	
B2	8	39	238	16	0.473685552867073	
B2	8	40	259	450	2.28321758693836	
B2	8	41	262	389	2.14822876782538	
B2	8	42	264	293	1.27325585321505	
B2	8	43	267	205	0.677487950912767	
B2	8	44	268	30	1.66362169998806	
B2	8	45	272	379	2.12224267802037	
B2	8	46	287	405	1.23837853884322	
B2	8	47	289	101	2.11215013011607	
B2	8	48	294	39	2.17410351340833	
B2	8	49	302	286	2.06371370084159	
B2	8	50	305	146	2.14558223469348	
B2	8	51	319	222	2.49177083333333	
B2	8	52	320	5	1.92143492839191	
B2	8	53	337	108	1.5360508001016	
B2	8	54	338	176	0.890109714587854	
B2	8	55	344	260	1.72445537371495	
B2	8	56	348	355	1.52180627669826	
B2	8	57	349	76	1.33536639118457	
B2	8	58	365	69	0.274320862000216	
B2	8	59	366	309	0.358025615643344	
B2	8	60	368	419	0.776704564303782	
B2	8	61	370	239	1.88576421855134	
B2	8	62	379	68	2.10816895569823	
B2	8	63	382	460	0.504614815168593	
B2	8	64	383	161	1.97938516825843	
B2	8	65	396	431	2.02574414473625	
B2	8	66	401	236	2.24322979617461	
B2	8	67	405	329	1.51118914983977	
B2	8	68	407	280	1.1776593938708	
B2	8	69	418	178	1.90484372314702	
B2	8	70	425	10	1.7900897729273	
B2	8	71	425	105	1.81044273862138	
B2	8	72	439	422	2.56478975726361	
B2	8	73	445	474	2.09090494853255	
B2	8	74	452	376	1.79904288600797	
B2	8	75	456	243	2.18987483587325	
B2	8	76	457	24	2.22025018397112	
B2	8	77	473	433	1.17510028262555	
B2	8	78	477	80	1.35499833779313	
B2	8	79	478	298	2.02042453095714	
B2	8	80	482	346	1.96672420749995	
B2	9	1	21	22	1.95941930937999	
B2	9	2	21	77	2.26601175901527	
B2	9	3	22	122	0.896948059856977	
B2	9	4	24	167	0.217077725731885	
B2	9	5	29	411	0.668131374151674	
B2	9	6	50	242	1.40597455027456	
B2	9	7	52	338	1.77649476459228	
B2	9	8	61	7	1.20530899229643	
B2	9	9	75	173	0.992479223080425	
B2	9	10	79	26	0.497010048578113	
B2	9	11	88	444	1.98771527421009	
B2	9	12	94	79	1.86987663243783	
B2	9	13	94	395	1.96837913403331	
B2	9	14	110	308	2.03651915325504	
B2	9	15	115	124	1.64493157596359	
B2	9	16	116	352	1.73996579800927	
B2	9	17	129	260	2.46660102481664	
B2	9	18	138	216	1.63969574473012	
B2	9	19	145	24	2.36126473964312	
B2	9	20	150	439	1.28059750313471	
B2	9	21	151	433	0	
B2	9	22	153	418	1.62669040364271	
B2	9	23	161	194	1.43719550892623	
B2	9	24	161	332	2.37225781845919	
B2	9	25	162	58	2.16831191014788	
B2	9	26	172	284	2.03612357050846	
B2	9	27	180	408	0.454336666916208	
B2	9	28	189	50	1.5157171361266	
B2	9	29	197	2	1.15686680238961	
B2	9	30	200	168	1.13208784005244	
B2	9	31	209	181	0.881437719521805	
B2	9	32	214	460	1.84707193166753	
B2	9	33	217	264	1.83595294217586	
B2	9	34	219	128	2.05749246117139	
B2	9	35	219	400	1.97511384350816	
B2	9	36	221	209	1.20476168282765	
B2	9	37	249	450	1.31197881548513	
B2	9	38	252	29	1.97557504306304	
B2	9	39	252	281	0.95056145840368	
B2	9	40	257	365	1.20801842886169	
B2	9	41	259	241	0.620348685922456	
B2	9	42	260	99	2.1473837618203	
B2	9	43	271	244	0.60157531162111	
B2	9	44	282	194	2.03732504952339	
B2	9	45	283	301	2.11510083843191	
B2	9	46	292	10	1.57312467534275	
B2	9	47	292	348	1.82651174582976	
B2	9	48	292	439	1.46688205938498	
B2	9	49	302	53	2.32652689417547	
B2	9	50	306	415	2.42043650982613	
B2	9	51	310	111	2.084662301965	
B2	9	52	324	483	2.27038137030028	
B2	9	53	338	5	1.90309711488427	
B2	9	54	341	242	1.85013486798896	
B2	9	55	350	179	1.46345652754181	
B2	9	56	351	413	1.86381878746924	
B2	9	57	363	294	1.6530543143368	
B2	9	58	370	46	1.7806320933672	
B2	9	59	371	351	2.46937170349035	
B2	9	60	379	474	1.96631502471639	
B2	9	61	387	41	0	
B2	9	62	397	10	0.356363167017	
B2	9	63	407	135	1.63540374298845	
B2	9	64	421	446	1.83401639344262	
B2	9	65	433	232	1.8829839894174	
B2	9	66	437	408	1.05841624470398	
B2	9	67	439	275	0.725034407479474	
B2	9	68	444	210	0.385105890904285	
B2	9	69	447	363	1.51018263960447	
B2	9	70	453	477	1.98438263759898	
B2	9	71	455	141	2.07874157488319	
B2	9	72	457	60	0.579833946085893	
B2	9	73	459	257	1.24671313213686	
B2	9	74	462	321	2.06707168283861	
B2	9	75	471	95	2.13709756960762	
B2	10	1	9	368	2.17119829946234	
B2	10	2	13	323	1.80668381919902	
B2	10	3	20	289	1.081758397742	
B2	10	4	25	438	1.93960180454552	
B2	10	5	26	67	1.25332054233819	
B2	10	6	27	77	0	
B2	10	7	27	271	1.39706071935026	
B2	10	8	29	84	1.94528517621738	
B2	10	9	36	402	1.67625803778238	
B2	10	10	44	51	2.03638852800246	
B2	10	11	58	210	1.41471689583825	
B2	10	12	62	453	1.6456061551968	
B2	10	13	74	154	1.21471350411659	
B2	10	14	82	335	1.6542093944674	
B2	10	15	84	78	1.97959362810968	
B2	10	16	102	321	1.38579317891154	
B2	10	17	103	407	2.0868160535152	
B2	10	18	126	470	1.98420073148399	
B2	10	19	131	176	0.852327523188046	
B2	10	20	149	268	2.34432952840239	
B2	10	21	161	139	2.65401007824863	
B2	10	22	169	170	1.86545889971505	
B2	10	23	174	338	1.55849550551793	
B2	10	24	174	440	1.21133426010293	
B2	10	25	182	138	2.0453211367756	
B2	10	26	184	85	1.96343488398019	
B2	10	27	197	243	1.54817731590134	
B2	10	28	200	191	1.4686672188956	
B2	10	29	206	469	2.15234697717758	
B2	10	30	207	406	1.38858434009366	
B2	10	31	209	400	0	
B2	10	32	211	382	1.50958683113472	
B2	10	33	230	81	2.00078911554253	
B2	10	34	231	307	1.85534000699801	
B2	10	35	239	403	2.62508534317503	
B2	10	36	244	194	1.7818331814579	
B2	10	37	259	363	2.0540138877083	
B2	10	38	261	452	2.2386404039452	
B2	10	39	262	279	2.63776845223402	
B2	10	40	286	208	0.934790658422748	
B2	10	41	290	111	1.57861726446162	
B2	10	42	290	328	1.82557708661736	
B2	10	43	300	412	2.22564777725369	
B2	10	44	313	30	2.21668580697826	
B2	10	45	324	251	1.51937900809608	
B2	10	46	326	120	1.32171902012342	
B2	10	47	340	18	1.75031110267898	
B2	10	48	349	59	1.59201399322657	
B2	10	49	366	249	1.74057234955678	
B2	10	50	366	263	1.79884881530324	
B2	10	51	379	173	1.26492537313433	
B2	10	52	380	136	2.12508630909316	
B2	10	53	389	166	0	
B2	10	54	400	171	0.308042905322271	
B2	10	55	403	186	1.32451123520477	
B2	10	56	418	239	2.25631575164527	
B2	10	57	421	30	1.72802130584555	
B2	10	58	425	99	1.38656918665112	
B2	10	59	427	282	1.0181661708091	
B2	10	60	466	44	1.7072838223838	
B2	10	61	468	392	2.37104737485406	
B2	10	62	469	55	1.81406592872753	
B2	10	63	469	478	1.84990082947549	
B2	10	64	470	162	2.0021319319561	
